user,joined,bytes
Neptuunium,Ise liitunud,161020
Karl Pikner,Ise liitunud,47247
Lleppik,Ise liitunud,13448
Annn,Ise liitunud,16708
KirjukuiLiblikas,Ise liitunud,10429
Reosarevok,Ise liitunud,9367
Athanasius Soter,Ise liitunud,13718
Marko Leevik,Ise liitunud,8433
kkatot,Ise liitunud,7602
Marrx,Ise liitunud,7799
Pärismaalane,Ise liitunud,12184
Elerii,Ise liitunud,7001
suveootus,Ise liitunud,6904
Jaanus.kalde,Ise liitunud,4917
Vihm...,Ise liitunud,4132
akubja,Ise liitunud,3982
geapea,Ise liitunud,4437
ellumaar,Ise liitunud,3887
Marekmuiste,Ise liitunud,2712
Andres,Ise liitunud,7320
erumetsamees,Ise liitunud,2471
matisleima,Ise liitunud,2322
latmarina,Ise liitunud,2089
Kamma,Ise liitunud,2435
Tiuks,Ise liitunud,3117
Kuldkala,Ise liitunud,1417
Veljorunnel,Ise liitunud,1297
Daniel Charms,Ise liitunud,1276
Piilusiil,Ise liitunud,964
Geonarva,Ise liitunud,688
Jaanijuhan,Ise liitunud,1996
Misosoof,Ise liitunud,222
Sirlizupping,Ise liitunud,3433
AllanPH,Ise liitunud,1836
Ukup,Ise liitunud,9
ukangur,Ise liitunud,0
K2suvi,Ise liitunud,971
Vinksik,Ise liitunud,0
elena_tktk,Ise liitunud,0
nrvlt,Ise liitunud,0
LiisaAavik,Ise liitunud,0
Merlitriin,Ise liitunud,0
Ohpuu,Ise liitunud,100
polmal,Ise liitunud,1906
Kristi Jürviste,Ise liitunud,1078
Võrok,Ise liitunud,0
Skafander S,Ise liitunud,0
toomaspai,Ise liitunud,0
Henrijoh,Ise liitunud,0
Kristiina Hermann,Ise liitunud,3
R %26 R,Ise liitunud,7796
luuletaja,Ise liitunud,6879
marek331,Ise liitunud,0
Pseudacorus,Ise liitunud,752
JakobUurmann,Ise liitunud,70
saamuelstepanov,Ise liitunud,0
LauriElias,Ise liitunud,0
acurath,Ise liitunud,0
Alexander Milne,Ise liitunud,0
ekleesia,Ise liitunud,0
kateriviteri,Ise liitunud,0
kalli,Ise liitunud,0
Hhenrys,Ise liitunud,0
Mare Kõiva,Kutsutud,215955
AK720,Kutsutud,114905
Sillu12,Kutsutud,34898
Tammmarek,Kutsutud,30638
Morel,Kutsutud,17083
Utvikipedist,Kutsutud,12405
Vingianodepina,Kutsutud,11596
,Kutsutud,10295
Martk83,Kutsutud,9815
Tunguuz,Kutsutud,9310
Dequodlibet,Kutsutud,8877
,Kutsutud,7225
Urvastemiis,Kutsutud,7066
Proosamanna,Kutsutud,6610
Els.heinsalu,Kutsutud,6050
Fideelia,Kutsutud,5381
Mart Kalm,Kutsutud,5209
Hsoosalu,Kutsutud,4976
Tiit.kuuskmae,Kutsutud,4906
Jaidelle,Kutsutud,4211
Birgylorenz,Kutsutud,3672
Nadosdelatsebenik,Kutsutud,3642
Piilubarthes,Kutsutud,3606
Sirkin23,Kutsutud,2984
Viker Lane,Kutsutud,2971
AnniAet,Kutsutud,2739
Notaator,Kutsutud,2620
Puik,Kutsutud,2245
Paasiku,Kutsutud,2180
Maakaru,Kutsutud,1957
Mat Petheny,Kutsutud,1824
Hans Krämer,Kutsutud,1463
Keeleusku,Kutsutud,1098
Pille Pajula,Kutsutud,526
Tambetm,Kutsutud,0
Endla,Kutsutud,0
MV,Kutsutud,0
MKunnus,Kutsutud,0
Berkvaher,Kutsutud,0
Alevtiina,Kutsutud,1
Pkarro,Kutsutud,0
Antimust,Kutsutud,2
Punnivinn,Kutsutud,1
Velmaja,Kutsutud,0
Taivop,Kutsutud,0
Puumarju,Kutsutud,0
Andi.hektor,Kutsutud,0
Päevakoer,Kutsutud,0
Ullike,Kutsutud,0
