users,size,art
9,138196,Irina Sedakova
9,25654,Johan Huizinga
7,68141,Andrei Toporkov
6,55554,Andres Kuperjanov
6,29935,Jenny Butler
6,18739,Nikolai Anissimov
6,17965,Imre Kálmán
6,17133,Harald Arman
6,10324,Živaja Starina
6,5653,Otepää Teataja
5,103478,Daiva Vaitkevičienė
5,41016,Robert Stolz
5,19141,Piret Põldver
5,8931,Incantatio
5,8928,Oscar Straus
5,6700,Eduard Kuuskor
5,6376,Startup Hub
5,4129,Itk
5,3042,Tiit Kukk
4,124614,Olga Hristoforova
4,98016,Emily Lyle
4,81287,Sepa Jalgpallikeskus
4,31584,Eesti-uuringute tippkeskus
4,27849,Päästeliit
4,25695,Mirjam Mencej
4,25239,Kultuuriajalugu
4,19005,Theater an der Wien
4,13506,Põltsamaa Teataja
4,13436,Eduards Veidenbaums
4,12848,Jules Massenet
4,12822,Eesti Vabariigi pagulasvalitsus
4,12755,Olga Sedakova
4,12205,Giacomo Meyerbeer
4,12185,Elurikkuse ja ökosüsteemi teenuste koostöökogu
4,11688,Irina Vinokurova
4,10973,Oskar Elevant
4,10842,Vincenzo Bellini
4,10360,Emanuela Timotin
4,9332,Slaavi vanavara: Etnolingvistiline sõnastik
4,8461,Gaetano Donizetti
4,8245,Jordan Peterson
4,8166,James Kapaló
4,6780,Tatjana Panina
4,6364,Harálampos Passalís
4,4962,Asta Niinemets
4,4016,Seto kuningriik
4,4014,Spektrite püsisälkamine
4,3735,Feministeerium
4,3735,Ajalooline pärimus
4,3727,Encore
4,2667,Sator
4,1474,Philadelphia rahvusvaheline lennujaam
4,1295,Rahvusvaheline Etnoloogia ja Folkloori Selts
4,826,Liège'i lennujaam
3,39507,Jane Goodall
3,27347,Tatjana Vladõkina
3,18457,Uku Masingu bibliograafia
3,15409,Euroopa Nüüdiskeelte Keskus
3,13472,Muna ja kana probleem
3,13250,Operett
3,12349,Juulilepped
3,11669,Galina Gluhhova
3,11109,Ferenc Lehár
3,10555,Kalevipoja-õhtu
3,10493,"Loitsude, loitsimise ja loitsijate uurimise töörühm"
3,10367,Infoturbe põhimõisted
3,10233,Küberolümpia
3,10096,Ruggero Leoncavallo
3,9216,Disputatsioon
3,8550,Franz von Suppé
3,8316,Leo Fall
3,8084,Ralf Benatzky
3,7169,Karl Christoph von Lieven
3,7152,Charles Gounod
3,7150,Verism
3,7101,Saverio Mercadante
3,7021,Fromental Halévy
3,6300,Pildiraamat
3,6048,Tarkuse püramiid
3,5510,Pat Metheny
3,5222,Carl Zeller
3,4998,Laavatunnel
3,4811,Lev Manovich
3,4537,Majandussanktsioonid
3,3527,Paul Laan
3,3482,Andres Eilart
3,3125,Maarja-Liisa Pilvik
3,2915,De iure
3,2731,Jodokus Clodt von Jürgensburg
3,2485,Jõgeva metsamajand
3,2306,Ajutine asjur
3,2192,Folklore
3,1963,Keele Infoleht
3,1548,Pitsat
3,1285,Moskva Vnukovo lennujaam
3,1277,Frankfurt-Hahni lennujaam
3,1198,Mossi-Rygge lennujaam
3,1191,Genitiiv
3,1130,Al Maktomi rahvusvaheline lennujaam
3,880,Keelesaade
3,619,Shine (õdede Tolmatšovade laul)
3,436,East Midlandsi lennujaam
3,264,Puhja lahing
2,18723,VOSK
2,16236,Menandros
2,16113,Klassikaraadio
2,15507,Gioachino Rossini
2,13569,Jacques Offenbach
2,12506,Indoeuroopa algkeel
2,12051,Luna 9
2,11076,Desarmeerimine
2,10295,Elutempo sündroom
2,10093,Eesti lugu
2,8394,Vastastikuse Majandusabi Nõukogu
2,8351,Georg Friedrich von Bradke
2,8170,Lääts (kaunvili)
2,7509,Intersektsionaalsus
2,7271,Pietro Mascagni
2,6986,Peep Kuld
2,6019,Fred Raymond
2,5980,Komplekssüsteem
2,5932,Intonatsioon (muusika)
2,5754,Agressioon
2,5215,Oktoberfest
2,5148,Arenguantropoloogia
2,5085,Kitarrimängija (Vermeer)
2,4826,Konfidentsiaalsus
2,4702,Vallo Kalamees
2,4263,Luise Vaher
2,4250,Hamadi rahvusvaheline lennujaam
2,4173,Helsingi Kodanike Komitee
2,3748,Tiiu Talvistu
2,3646,Simon Wanradt
2,3476,Anneksioon
2,3323,Karl Lamprecht
2,3210,Eesti Komitee (Stockholm)
2,3078,Ihu ja hingega internetis: kuidas mõista sotsiaalmeediat
2,2925,Majandusantropoloogia
2,2887,Alaline Vahekohus
2,2863,H. H. Asquith
2,2861,Ad hoc
2,2539,Alalütlev kääne
2,2392,Harold Macmillan
2,2158,Mercurino Arborio di Gattinara
2,2059,Agenda 2000
2,2054,Lytton Strachey
2,1690,Ameerika Ühendriikide lennujaamade ja lennuväljade loend
2,1679,Journal of the Baltic Institute of Folklore
2,1623,Agrément
2,1585,Juuli kriis
2,1283,Raymond Poincaré
2,1255,Perthi lennujaam
2,1211,Taimelamp
2,1196,Hannoveri lennujaam
2,1130,Snowdoni krahv
2,1122,Linnuraba (Läänermaa Suursoo)
2,1056,Los Angelese rahvusvaheline lennujaam
2,1013,Paphose rahvusvaheline lennujaam
2,953,Suvarnabhumi rahvusvaheline lennujaam
2,952,Budapesti Ferenc Liszti rahvusvaheline lennujaam
2,944,Miami rahvusvaheline lennujaam
2,941,Muusikaarheoloogia
2,930,San Francisco rahvusvaheline lennujaam
2,914,Adelaide'i lennujaam
2,908,Laupäevak
2,872,Abu Dhabi rahvusvaheline lennujaam
2,865,Luna (kosmoseprogramm)
2,804,Kiievi Žuljanõi lennujaam
2,787,Washington Dullesi rahvusvaheline lennujaam
2,774,Newark Liberty rahvusvaheline lennujaam
2,760,Shanghai Pudongi rahvusvaheline lennujaam
2,755,Edinburghi lennujaam
2,720,Austraalia lennujaamade ja lennuväljade loend
2,681,Kaplinna rahvusvaheline lennujaam
2,681,Dubrovniki lennujaam
2,666,Suurbritannia lennujaamade ja lennuväljade loend
2,596,Melbourne'i lennujaam
2,575,Aucklandi rahvusvaheline lennujaam
2,526,Palanga lennujaam
2,500,Puhja alevik
2,464,Göteborgi Landvetteri lennujaam
2,433,Saksamaa lennujaamade ja lennuväljade loend
2,359,Austria lennujaamade ja lennuväljade loend
2,316,Soome lennujaamade ja lennuväljade loend
2,309,Araabia Ühendemiraatide lennujaamade ja lennuväljade loend
2,281,Leedu lennujaamade ja lennuväljade loend
2,43,Alexander Frederick Douglas Home
2,41,Kaitsevägede ülemjuhataja
1,40328,Širšovi-nimeline Venemaa Teaduste Akadeemia Okeanoloogia Instituut
1,16805,Isemajandava Eesti ettepanek
1,13948,Elmina Otsman
1,13225,Mitmeplatvormne
1,9183,Arno Kütt
1,8032,Amigurumi
1,7001,Distributiivne semantika
1,6632,Sigmund Romberg
1,6606,Naised ettevõtluses
1,6600,David Lloyd George
1,6305,Benelux
1,6220,Julius Made
1,5867,Delirium Brothers
1,5803,Vastastikusus
1,5324,Graftoni hertsog
1,5211,Ekspansioon
1,4754,Lubavused
1,4490,Impressaario
1,4274,Esimene Masuuria järvede lahing
1,4261,Emakeeleolümpiaad
1,4144,Vesi-külmaseen
1,4094,Oktofoonia
1,4049,Hüpokoer
1,3710,De facto
1,3699,Kelti- ja Šoti-uuringute Kool
1,3677,Entomofaagia
1,3552,Klaus Hasselmann
1,3294,Kaleva hääled
1,3201,Luigi Malerba
1,2799,KesKus
1,2707,Stanley Baldwin
1,2222,Kristel Uiboaed
1,2137,Alec Douglas-Home
1,2132,Northumberlandi hertsog
1,2098,Desmos (graafika)
1,2081,Draakonipuu
1,1821,Canterbury peapiiskop
1,1682,Salgamatus
1,1633,Dwyfori krahv Lloyd-George
1,1562,Atašee
1,1509,Anthony Eden
1,1483,Kahkjas niiduritsikas
1,1463,Käideldavus
1,1455,Kurnamissõda
1,1414,Kolm Paşat
1,1339,Seebimull
1,1319,Avoni krahv
1,1017,Tiera
1,920,Ellujäämise kunstid
1,871,Kirimäe Jaanisoo
1,840,Rohense soo
1,819,Alin Olteanu
1,818,Boston Logani rahvusvaheline lennujaam
1,688,Rabamuld
1,662,Juurika järv
1,635,Aeglane meedia
1,628,Asümmeetriline sõda
1,600,Interluudium
1,587,Küllike Tohver
1,564,Sara Lenninger
1,559,"Cosmos, The journal of The Traditional Cosmology Society"
1,530,The Traditional Cosmology Society
1,510,Sydney Kingsford-Smithi rahvusvaheline lennujaam
1,377,Kęstutis Navakas
1,235,Thalassa
1,222,Sosipatra
1,79,Širšovi-nimeline okeanoloogia instituut
1,79,Širšovi-nimeline NSV Liidu Teaduste Akadeemia Okeanoloogia Instituut
1,79,NSV Liidu Teaduste Akadeemia Okeanoloogia Instituut
1,79,NSV Liidu TA Okeanoloogia Instituut
1,79,IORAN
1,62,Riigi vastutus EL õiguse rikkumise eest
1,46,Al Maktomi lennujaam
1,44,Winston Leonard Spencer-Churchill
1,44,Tartu Ülikool/Rock
1,44,Shine (Tolmachevy Sistersi laul)
1,41,Hessen-Darmstadt
1,40,SRÜ
1,40,Mercurino Gattinara
1,40,Direktiivide vahetu õigusmõju
